eden:256,335.259,261.257,286.239,198.259,241.258,215.257,155.96,162.256,102.256,75.256,0.256,346.256,355.255,359.255,367.255,376.255,387.255,399.255,418.258,273.239,274.16,97.160,177.138,180.116,179.88,169.179,171.131,119.155,120.108,123.93,133.71,183.171,448.88,156.6,180.47,170.148,258.232,333.235,355.206,342.189,353.217,358.203,362.157,387.240,262.238,241.60,112.190,206.193,263.190,253.82,260.238,218.110,83.81,93.38,60.207,97.176,128.142,369.27,366.209,274.226,280.169,370.179,368.69,82.193,274.151,82.147,67.130,11.54,72.141,39.47,105.32,103.233,346.212,352.196,358.215,278.175,369.182,372.182,367.219,264.207,362.222,360.238,360.226,417.228,397.230,386.233,374.234,367.201,367.198,370.192,376.187,383.169,330.5,269.258,279.192,368.188,369.232,288.201,287.229,284.168,219.132,234.188,264.74,30.87,49.102,69.174,400.201,72.195,39.188,2.98,176.48,200.191,164.70,142.206,191.205,253.25,214.64,212.92,218.135,213.165,203.189,193.235,161.30,256.52,139.248,272.195,225.0,183.206,180.185,267.81,157.203,241.11,317.191,157.220,227.76,409.75,432.6,263.50,383.18,139.164,468.250,278.175,241.28,176.118,168.137,169.176,376.36,295.205,496.135,472.107,455.256,39.254,500.157,167.174,163.185,160.37,137.173,144.153,139.134,137.114,141.101,147.4,136.105,165.257,302.189,317.209,270.228,306.256,130.103,432.132,451.205,481.49,404.185,151.222,193.254,484.167,486.14,306.217,367.212,372.208,381.205,391.196,410.190,366.183,365.176,362.153,348.67,304.221,175.209,139.195,144.195,363.63,353.228,134.183,428.258,195.237,181.257,176.208,225.255,463.255,439.218,437.133,395.166,284.155,414.115,283.146,305.97,317.210,460.196,239.113,411.141,430.118,371.42,330.89,374.27,346.129,334.208,209.212,261.200,269.220,246.190,118.154,106.123,105.97,111.80,123.66,163.3,221.83,191.105,196.135,195.163,189.185,181.201,173.2,226.201,276.222,209.226,260.238,270.227,264.207,283.241,272.244,277.200,157.212,160.219,162.94,152.82,144.277,198.415,156.277,274.486,92.351,174.374,176.395,176.422,164.332,169.380,115.355,118.402,118.418,127.437,179.336,445.422,150.496,173.460,164.364,255.282,332.276,355.306,341.320,351.293,358.307,361.349,385.277,261.279,241.448,106.321,204.321,262.323,252.427,255.278,218.401,79.429,88.466,55.305,95.335,126.364,366.471,358.305,273.289,279.337,368.327,367.440,76.320,272.361,79.365,65.380,8.454,66.371,37.461,99.473,97.279,345.299,351.314,356.300,277.331,367.325,370.325,365.296,263.302,361.288,360.273,359.283,416.282,397.280,385.278,374.276,366.307,366.310,369.315,374.320,381.342,328.494,262.315,366.320,367.282,288.314,286.286,283.344,217.379,231.326,262.433,27.422,45.408,65.333,397.312,70.317,37.324,1.412,172.459,194.320,162.439,136.307,190.310,252.481,208.445,207.418,214.376,210.346,201.323,190.277,161.476,250.456,133.269,272.318,223.500,176.306,179.327,265.429,151.311,240.487,309.320,155.296,226.428,403.427,425.496,256.452,376.485,133.342,465.266,278.337,239.478,169.394,164.375,165.331,374.470,289.302,495.369,467.396,450.355,165.337,160.326,158.470,131.339,141.358,135.377,133.397,136.409,141.497,130.407,160.324,315.306,269.285,305.401,427.373,446.304,479.450,397.326,149.293,193.338,482.488,300.293,365.296,371.300,379.304,390.311,408.318,365.325,362.331,360.356,346.440,299.292,174.303,138.316,142.314,362.442,347.284,134.325,426.278,181.306,224.291,437.374,392.346,282.352,411.396,279.365,302.412,313.299,459.317,237.393,406.365,426.389,367.462,323.417,369.475,339.380,330.305,207.304,260.315,268.297,245.321,117.357,104.388,102.413,106.430,117.442,158.500,214.426,186.405,192.376,192.348,187.326,179.311,172.496,219.313,274.293,209.290,259.278,269.289,263.307,281.275,271.272,277.312,155.299,160.293,162.417,146.428,137.;
oreo:267,360.268,287.267,309.246,218.268,266.268,239.263,171.94,165.262,114.262,85.259,0.267,370.267,378.266,380.268,381.268,390.268,401.268,411.267,427.268,298.246,297.13,89.163,184.140,186.118,185.86,172.182,178.131,126.156,129.108,130.92,138.71,187.182,454.85,159.6,175.46,171.151,270.239,357.243,378.211,363.192,369.222,378.206,380.160,395.250,287.245,266.57,114.195,218.196,282.193,271.83,267.246,240.110,88.79,97.35,54.212,106.178,137.143,378.38,358.212,294.230,301.169,380.179,379.66,84.195,292.153,89.149,73.127,8.50,69.140,41.43,105.28,99.241,369.217,373.199,375.217,298.174,380.184,382.181,377.225,286.209,378.226,379.245,380.237,427.239,410.240,398.242,388.244,381.204,379.201,381.197,387.193,393.171,345.10,260.267,302.194,379.189,380.238,310.202,305.234,306.171,230.135,244.189,281.71,26.85,48.101,72.181,408.204,78.198,42.188,0.98,181.48,201.194,172.68,145.211,204.210,274.25,214.64,217.94,225.137,221.169,213.193,203.242,176.32,257.50,140.256,297.198,239.0,173.210,191.187,282.79,160.208,261.20,308.194,164.226,249.86,408.89,427.10,260.60,380.17,135.178,471.258,302.178,255.27,174.119,172.139,174.179,386.38,297.219,495.152,469.123,452.261,45.266,500.158,173.177,169.187,166.34,136.173,150.154,144.133,142.112,145.98,151.3,127.104,169.266,326.192,334.212,291.236,328.262,142.116,433.146,452.217,485.62,397.187,158.227,209.267,488.183,484.21,303.223,380.219,385.216,392.213,403.206,419.189,379.183,377.177,375.154,360.68,309.226,188.212,148.198,152.194,377.68,356.233,145.193,437.267,215.243,198.266,194.213,243.267,470.267,447.228,447.139,402.168,298.164,422.116,294.146,318.98,326.221,468.199,255.122,415.152,435.121,379.47,330.95,379.35,343.129,344.213,224.217,283.202,289.226,269.193,128.156,115.123,113.96,117.78,127.65,166.5,217.83,196.107,202.138,202.166,197.188,189.203,182.5,217.203,295.228,229.233,284.245,294.233,287.210,302.250,296.252,300.202,166.216,171.224,174.91,156.80,147.285,218.421,167.287,296.490,94.357,185.379,187.401,187.428,175.339,179.387,130.362,131.409,134.424,142.443,188.346,453.430,162.498,178.464,173.373,270.293,356.289,377.320,361.337,368.309,377.325,378.365,395.287,286.290,267.456,119.329,218.333,282.334,270.435,267.288,240.408,94.436,104.472,58.313,109.342,139.380,376.466,358.317,293.300,300.358,378.348,377.447,91.333,291.369,94.373,78.387,10.460,74.377,45.467,111.479,104.292,369.314,371.331,373.312,297.353,378.344,381.346,375.307,286.319,376.304,378.286,380.296,427.296,409.295,398.292,388.290,380.326,378.329,380.333,386.337,392.356,343.490,263.335,378.340,379.293,309.326,304.297,305.351,230.387,244.337,281.438,30.428,54.416,79.347,407.319,82.324,44.329,2.418,182.464,203.327,173.445,149.314,204.321,274.484,217.450,218.424,226.384,222.353,213.330,203.286,176.480,258.462,145.278,297.327,239.500,177.313,192.339,281.435,163.322,260.481,310.327,166.306,249.429,407.423,426.495,261.452,380.489,139.349,471.275,302.346,255.481,177.400,174.380,176.349,385.474,296.311,495.370,468.394,452.361,174.343,171.332,168.475,140.346,151.365,145.386,145.405,148.418,154.498,131.413,171.336,333.318,290.296,328.403,432.377,452.313,485.446,397.333,160.301,210.343,484.486,303.310,380.313,384.317,392.319,402.325,418.339,377.345,375.350,373.372,359.448,309.300,189.310,149.322,154.333,375.447,354.291,146.336,436.286,198.315,243.303,447.384,401.358,297.362,421.406,293.377,317.422,325.311,468.327,255.400,414.373,434.401,377.465,330.424,378.474,343.393,343.314,224.315,282.327,288.307,269.328,130.364,119.395,117.420,121.437,131.447,168.500,219.432,197.410,203.381,203.355,197.333,191.318,183.494,219.326,294.302,229.301,284.288,294.300,286.319,301.285,296.282,301.319,166.306,171.300,175.424,158.434,151.;
princess:242,322.240,244.242,273.222,184.240,222.242,200.242,146.90,160.245,102.245,75.247,0.242,331.242,340.242,344.242,348.242,355.242,364.242,377.240,402.240,255.222,260.17,106.150,175.127,175.107,175.82,166.170,168.125,120.147,122.102,124.87,133.65,182.152,440.82,155.5,186.42,171.132,248.215,320.217,340.185,328.167,340.197,344.180,348.137,373.222,244.220,224.55,113.177,197.175,248.175,240.67,251.222,202.105,82.75,93.40,66.197,95.167,128.120,355.17,377.192,260.210,266.145,355.155,353.65,84.175,260.145,82.140,66.125,13.52,73.135,37.42,108.30,106.215,331.192,337.172,344.197,264.150,355.160,355.157,353.202,248.185,346.202,346.220,344.210,402.212,375.215,364.217,355.220,348.180,351.177,353.172,357.167,364.147,317.0,282.242,264.170,353.165,353.215,275.182,273.212,271.155,213.120,226.170,251.72,33.82,48.97,68.155,384.192,71.187,37.180,2.92,173.42,197.182,162.65,142.195,184.187,237.17,213.55,208.82,211.122,206.155,197.177,186.222,153.17,253.47,140.230,255.180,215.0,195.195,173.170,255.77,155.187,226.5,328.182,155.202,213.57,408.57,437.0,268.32,384.17,144.147,464.232,262.160,231.25,177.110,164.127,166.155,360.20,293.187,495.120,473.90,457.245,37.237,500.147,164.165,160.177,157.32,140.165,142.145,137.127,135.107,140.97,144.5,146.97,162.242,288.170,304.190,255.212,293.245,126.85,431.115,448.187,475.35,413.177,148.207,182.237,480.150,486.2,311.197,348.195,353.192,360.187,371.180,395.165,351.157,351.152,346.130,335.47,297.210,166.200,135.187,142.170,348.42,351.217,131.165,417.242,180.222,168.242,164.192,213.237,455.240,426.202,426.115,384.150,273.137,404.97,273.127,293.77,308.192,453.180,228.95,404.122,424.97,360.25,328.70,368.12,351.107,322.195,197.195,244.182,255.202,228.182,117.147,106.117,106.92,111.75,124.62,164.0,226.75,188.97,191.125,191.152,184.175,177.190,168.0,237.182,262.207,197.207,242.220,253.210,246.190,268.225,255.227,262.192,155.202,157.207,157.90,151.77,142.260,184.400,157.260,260.480,106.340,173.362,175.382,175.410,166.320,168.365,120.342,122.387,124.402,133.427,182.325,442.407,155.492,186.450,171.352,248.270,320.265,340.297,326.317,337.287,342.305,346.347,373.257,244.262,224.435,115.310,197.310,248.310,240.420,251.260,202.385,84.415,95.457,66.290,97.322,128.365,355.475,380.292,260.275,266.340,353.330,351.427,86.310,260.345,84.350,68.370,13.442,75.357,40.450,108.465,108.267,331.292,335.310,342.287,264.335,353.325,355.327,351.280,246.300,346.282,344.262,344.270,402.270,375.267,364.267,353.265,348.305,351.307,351.312,357.315,364.335,315.497,284.315,351.320,351.267,275.302,273.272,271.332,211.370,226.315,251.422,35.410,51.392,71.327,384.297,71.305,37.312,2.400,173.450,197.307,162.427,142.292,184.295,237.475,215.435,208.407,211.365,206.335,197.310,186.265,153.472,255.445,142.250,255.305,215.500,197.292,173.317,255.415,157.297,226.490,331.307,155.280,211.427,408.427,440.495,271.455,386.480,146.332,466.250,262.325,231.470,180.380,164.362,164.330,360.467,295.287,495.360,475.392,460.342,164.325,160.312,157.460,142.325,142.345,137.362,135.382,140.395,146.495,148.392,162.315,302.292,255.272,293.395,433.365,448.290,477.452,415.312,148.277,182.327,486.487,313.287,348.290,353.292,360.295,371.302,395.320,348.327,348.332,344.355,333.437,297.277,166.290,137.302,142.315,348.442,351.272,131.315,417.262,168.292,213.277,426.367,384.335,273.345,404.390,273.357,293.410,308.285,453.305,226.387,404.357,424.387,360.465,328.415,368.477,353.377,322.292,197.287,244.302,253.280,228.307,120.342,108.372,106.397,113.417,124.430,164.497,228.415,188.392,191.365,191.335,184.315,177.300,168.497,240.302,262.277,197.272,242.260,253.272,246.295,268.257,255.255,262.300,155.287,157.280,157.402,151.412,144.;
song:230,359.230,292.231,312.215,222.231,271.232,243.238,176.80,164.242,121.243,92.247,2.230,370.230,377.231,379.232,381.232,389.231,399.231,411.232,427.230,302.211,299.12,82.145,185.122,185.102,183.73,170.163,180.116,130.140,133.94,131.78,138.57,182.151,449.73,158.2,167.35,165.125,267.202,355.206,375.174,358.157,363.186,374.170,373.132,388.212,290.209,270.46,111.171,219.162,281.162,270.62,260.212,244.94,90.66,96.30,48.191,112.160,141.114,368.31,347.179,293.197,301.137,371.147,370.54,82.162,289.135,93.132,76.117,5.42,64.126,40.34,101.22,94.204,366.180,368.163,368.184,297.142,371.152,375.150,369.189,287.175,371.191,375.209,377.202,425.203,407.205,396.207,386.209,379.172,374.169,376.164,381.160,387.139,339.9,253.231,306.161,372.157,373.204,310.169,302.200,306.148,229.112,240.159,279.64,21.74,45.86,73.150,402.186,84.181,44.177,0.84,178.36,195.175,175.56,142.187,207.176,274.15,207.48,210.75,219.117,219.148,212.171,204.216,180.18,248.39,137.219,301.172,239.1,165.188,194.157,280.66,158.176,262.17,299.175,167.193,250.68,398.74,417.3,250.44,371.12,128.149,466.222,304.151,253.18,168.103,171.122,174.146,378.22,287.188,493.129,463.103,444.245,48.232,500.141,174.159,171.169,170.26,131.157,154.138,149.118,146.98,148.85,152.3,119.89,167.231,327.159,330.178,290.200,327.240,149.95,425.122,445.185,483.51,387.169,162.199,213.231,488.155,480.11,293.188,376.185,381.182,389.179,399.173,414.156,371.150,369.143,366.122,353.47,301.202,192.192,152.179,156.161,369.47,346.211,151.161,432.235,220.215,203.236,199.183,244.231,471.232,448.195,445.113,394.139,294.135,415.90,287.118,312.73,317.188,466.170,255.98,406.125,429.95,369.29,320.72,369.23,333.101,336.186,225.182,284.169,288.191,271.174,132.139,118.108,115.82,118.65,126.53,161.0,209.68,192.90,199.119,201.147,198.169,192.183,185.6,208.169,293.198,231.197,286.209,296.198,289.176,300.213,298.216,303.183,169.195,174.201,178.78,155.67,146.254,225.405,182.252,301.490,106.337,195.359,198.382,198.412,189.318,189.370,144.347,144.393,148.408,156.428,201.314,459.413,176.493,192.453,187.349,278.259,358.255,378.289,364.308,371.277,378.294,380.337,399.249,292.253,272.445,132.306,225.303,289.306,278.417,278.254,246.395,106.424,115.471,69.293,118.325,150.355,381.457,371.287,299.268,304.331,381.321,380.438,102.304,298.352,105.358,88.380,18.455,85.367,52.460,124.475,116.257,369.282,373.301,376.282,302.326,381.316,384.320,378.274,292.291,378.273,378.253,379.262,428.260,410.259,399.257,388.255,381.295,381.299,384.303,389.307,396.328,349.486,277.307,381.311,381.260,314.297,309.264,309.330,238.366,253.310,286.436,39.421,64.404,90.317,411.301,91.309,50.320,6.401,195.451,216.306,183.432,162.291,212.290,280.472,230.434,230.405,237.363,231.331,222.308,211.260,182.467,271.451,158.242,301.302,246.500,190.291,199.312,288.419,177.292,268.475,323.307,176.273,255.408,418.405,437.486,276.436,393.485,152.317,477.240,306.322,262.472,192.380,187.360,188.321,388.460,310.276,499.342,476.370,460.341,185.323,181.312,178.468,154.328,164.348,161.367,161.387,164.400,170.500,144.395,185.307,338.287,296.263,331.377,442.349,460.278,488.432,409.313,170.273,216.311,490.476,318.277,381.281,386.283,394.286,405.292,421.311,380.317,378.323,376.345,364.431,321.275,196.291,158.304,164.306,378.430,367.270,154.304,440.257,205.287,250.269,449.357,408.331,304.332,426.384,303.352,325.402,335.275,472.301,262.373,422.344,442.376,385.452,343.402,387.462,357.369,350.287,231.282,289.296,295.273,275.311,140.348,131.379,130.405,135.424,146.434,182.493,234.415,210.392,215.362,213.333,207.311,199.297,192.493,233.296,300.272,235.265,289.253,298.265,292.290,306.248,301.247,304.299,176.285,179.278,182.407,173.419,165.;
shanny:262,349.265,278.262,298.243,210.265,258.265,230.262,161.96,156.262,107.262,82.259,0.262,360.262,366.262,369.262,372.262,380.262,389.262,400.262,420.265,289.240,286.18,82.165,170.140,173.118,173.87,161.184,167.131,119.156,119.109,122.93,130.71,176.175,446.87,150.6,164.46,161.143,255.231,346.234,366.196,349.178,355.209,366.190,366.146,380.243,278.240,258.62,110.190,207.187,269.184,258.78,250.243,232.112,85.84,93.40,51.212,99.178,127.128,360.25,346.203,281.221,286.153,363.162,363.71,82.184,278.156,85.150,71.131,8.56,65.143,39.50,102.34,93.231,357.203,360.184,360.209,284.156,363.168,369.165,363.218,275.196,363.212,366.237,366.228,417.231,397.231,386.234,377.237,372.193,366.190,369.184,375.178,380.159,329.3,250.265,292.181,366.175,366.231,298.190,289.225,292.165,215.131,230.181,267.75,22.90,48.106,71.168,394.206,73.200,39.190,0.100,170.46,190.193,161.71,136.206,193.203,264.25,201.62,201.90,210.134,207.165,198.190,190.240,167.25,241.53,133.253,286.190,227.0,161.209,178.178,267.81,150.200,250.9,298.193,153.221,238.71,397.71,420.3,247.43,369.18,127.168,465.253,292.171,241.28,164.121,161.140,161.162,372.28,281.212,497.137,465.106,446.262,42.262,500.159,161.178,156.187,156.37,130.171,142.153,136.134,136.112,139.100,144.6,119.106,159.262,315.178,321.203,278.228,315.262,136.103,423.134,446.212,482.46,389.187,147.225,201.262,485.171,482.9,289.212,369.209,372.206,380.203,392.196,409.175,363.165,363.159,357.140,343.56,292.225,178.212,139.196,142.178,363.53,340.231,139.184,426.262,207.240,190.262,184.206,232.262,465.262,440.221,437.128,389.156,284.153,409.106,278.137,303.87,309.215,460.190,241.109,403.140,426.106,363.31,315.81,363.18,332.118,326.209,213.209,272.193,275.221,258.193,119.156,107.125,105.96,110.81,122.65,156.3,204.84,184.106,190.137,190.165,184.187,178.203,170.3,204.193,281.225,218.228,275.240,284.228,278.200,286.243,286.246,289.203,153.215,161.221,164.93,147.81,139.284,210.418,159.287,286.484,88.353,173.375,176.396,176.425,164.334,167.387,122.362,122.409,125.421,133.440,178.346,446.428,153.496,170.462,164.375,258.293,346.287,366.325,349.343,355.312,366.328,366.371,380.284,278.287,258.453,113.328,207.337,269.337,261.437,255.287,232.406,88.434,96.465,53.312,102.340,130.387,363.478,352.321,281.303,289.365,363.353,363.443,85.337,278.368,88.371,73.384,11.456,71.375,42.462,105.475,99.290,357.315,360.334,360.315,286.359,363.350,369.350,363.309,275.325,363.306,366.284,369.293,417.293,397.290,386.290,377.287,372.328,366.331,369.337,375.340,380.362,332.493,255.337,366.343,366.293,298.331,292.300,295.353,218.387,232.340,269.437,28.425,51.412,73.350,394.318,76.321,42.328,2.415,173.462,193.325,161.443,142.312,196.325,264.484,207.450,207.421,213.381,210.350,201.328,193.284,167.484,247.459,136.278,289.328,227.496,167.312,181.343,269.434,153.325,250.490,301.325,156.306,238.440,400.437,423.500,252.465,372.484,130.353,468.275,292.346,241.481,170.396,164.375,164.356,372.481,286.312,497.378,468.406,448.356,164.340,159.331,156.471,133.343,144.362,139.384,139.403,142.415,147.493,125.409,161.343,321.321,278.296,318.412,426.384,446.312,482.459,392.331,150.300,201.346,485.496,295.309,369.312,375.315,380.318,392.325,409.343,363.350,363.356,360.378,346.456,298.300,181.309,142.321,144.337,363.459,343.290,139.337,426.284,190.315,232.300,437.390,389.362,286.365,409.409,281.381,303.428,312.309,463.328,244.406,403.378,426.409,363.478,321.434,366.484,335.400,329.312,215.315,272.331,278.306,261.328,122.362,110.393,107.418,113.434,125.446,159.500,210.431,187.409,193.378,193.350,187.331,178.315,173.496,210.331,281.300,218.300,275.287,284.300,278.325,289.284,286.281,289.315,156.306,161.300,164.421,150.434,142.;
elad:276,328.264,257.268,280.234,195.260,236.256,210.246,150.88,173.239,113.236,89.221,5.278,338.279,346.279,349.280,355.282,362.283,372.285,383.288,404.265,268.243,271.6,125.153,178.132,184.112,187.82,183.171,171.117,139.140,136.96,145.83,154.69,198.205,450.80,171.7,205.43,191.150,260.247,328.255,349.218,340.203,352.234,354.218,360.179,388.244,259.238,239.50,143.185,205.187,263.185,253.88,268.236,215.97,116.69,127.21,88.194,115.160,139.159,372.47,387.206,272.226,276.186,371.195,369.55,118.188,273.139,109.132,95.101,30.39,102.118,61.37,139.21,132.250,341.227,349.211,356.212,275.191,370.201,370.197,367.218,263.222,358.239,355.258,351.257,408.257,386.257,374.257,363.258,356.220,363.218,365.214,371.210,378.179,331.15,294.267,273.210,365.206,367.237,284.198,285.231,280.165,220.134,238.183,263.50,55.70,77.88,102.201,397.184,92.170,51.155,14.93,187.48,216.181,164.61,164.200,190.202,253.27,234.65,226.94,227.134,217.162,205.183,191.225,159.37,273.44,166.253,268.189,223.2,210.198,178.182,266.74,174.198,241.25,340.179,157.217,226.100,421.103,447.15,286.71,398.13,166.201,474.256,273.173,241.25,199.112,175.130,173.195,375.46,311.248,500.171,483.138,469.228,46.301,497.148,169.164,164.174,160.29,166.158,148.139,146.120,148.103,154.91,161.0,164.97,174.270,295.195,315.205,268.238,301.242,132.131,444.164,459.246,481.74,422.172,153.215,191.298,479.207,494.27,328.238,359.235,364.232,372.230,383.225,404.205,365.198,364.190,363.165,351.77,315.212,173.196,143.182,148.209,362.78,365.215,139.215,426.252,189.228,178.249,171.204,224.295,454.291,427.253,431.156,399.168,285.183,416.121,288.153,308.108,324.248,458.191,238.137,417.171,436.136,376.55,345.107,383.44,365.140,338.203,207.211,260.195,268.218,246.177,131.141,128.110,130.85,137.69,149.60,182.8,246.81,204.104,205.132,199.158,191.178,181.191,172.8,253.196,274.217,207.227,259.242,267.227,262.205,280.246,268.248,273.187,157.202,161.209,162.85,166.74,163.273,191.400,136.288,265.457,73.339,157.361,157.382,155.408,144.320,154.362,111.340,114.384,112.400,117.425,156.378,428.407,132.482,150.447,143.370,233.304,321.303,342.335,325.353,333.323,342.340,343.385,362.283,254.283,234.428,100.318,190.337,245.336,235.429,227.278,210.376,83.406,88.434,41.283,104.320,120.398,342.494,333.322,258.305,267.374,347.363,347.415,76.339,254.335,87.337,72.345,2.424,57.339,35.438,92.448,83.305,334.328,335.347,338.317,262.369,347.360,349.361,346.308,252.336,343.319,344.300,346.317,400.313,378.310,367.306,357.303,351.339,348.343,349.349,354.354,360.368,308.496,238.349,347.354,348.297,276.332,268.301,272.342,199.378,209.340,244.398,15.389,40.381,68.368,375.287,80.287,38.288,0.398,151.449,168.309,150.422,123.301,178.321,239.473,181.437,181.411,189.371,189.340,184.316,176.268,154.477,219.439,120.278,266.320,208.484,153.297,167.341,246.413,134.319,226.500,283.308,143.298,216.463,376.465,403.496,228.482,349.464,113.389,451.276,271.342,221.463,148.379,143.359,146.367,353.480,259.351,487.417,452.442,431.342,146.324,144.314,143.451,116.325,129.343,123.361,120.381,122.393,125.473,109.391,140.347,296.321,254.303,294.442,405.417,428.350,469.482,372.313,136.287,183.388,472.498,271.322,349.326,353.331,360.337,369.346,389.354,345.360,343.367,339.386,323.453,269.283,164.288,132.303,134.349,343.467,318.270,133.362,408.271,172.308,212.328,421.408,368.361,260.388,390.406,253.383,280.430,285.341,445.323,222.430,382.406,406.421,342.481,294.447,342.494,311.405,305.304,195.315,247.330,252.304,235.303,117.337,105.368,101.393,102.412,109.427,139.492,188.415,164.394,170.367,171.339,170.317,164.302,160.490,196.330,258.291,198.300,250.288,261.300,253.325,265.284,264.283,269.301,144.288,150.282,154.401,129.411,123.;
shirli:203,375.204,315.207,331.196,241.206,294.209,264.222,188.75,167.227,129.228,101.235,0.203,385.203,392.204,394.203,395.202,404.201,414.201,423.203,435.204,324.187,320.20,75.138,188.116,189.96,187.69,173.155,184.107,132.132,135.85,134.71,141.53,185.129,454.67,161.6,163.33,167.112,277.177,370.181,389.151,372.137,376.164,387.149,387.112,397.187,313.185,293.45,121.158,227.144,299.145,286.53,267.190,265.90,104.62,108.38,43.180,123.153,143.97,379.25,339.159,311.175,319.118,383.128,383.55,94.144,306.127,106.124,90.113,4.46,69.120,48.35,109.27,93.179,381.158,382.143,382.164,315.123,383.130,388.130,382.166,308.155,385.169,388.186,391.176,434.176,420.176,410.179,400.182,393.149,387.145,390.140,394.137,400.122,352.11,240.206,327.140,385.135,386.181,329.151,318.177,324.137,237.101,248.143,294.66,19.75,52.83,87.129,411.174,96.171,49.167,0.79,182.32,197.166,179.53,147.172,216.155,294.11,207.43,215.67,226.108,225.138,218.159,210.201,192.11,250.38,142.195,323.158,250.8,154.175,201.143,293.62,161.156,279.14,288.167,171.172,270.55,400.61,416.0,246.33,370.16,125.127,468.197,326.139,263.18,168.97,176.116,178.125,390.14,289.164,493.111,463.87,444.232,52.204,500.134,177.151,174.162,173.25,135.149,155.129,147.109,144.90,147.77,153.11,110.83,171.207,344.139,344.158,309.177,344.225,158.79,427.102,448.160,485.41,382.161,166.183,227.202,491.134,480.6,290.164,390.160,395.156,402.154,411.150,424.137,385.130,383.124,379.106,364.37,306.187,203.182,159.170,161.141,383.38,349.198,160.139,438.213,239.197,218.217,215.166,259.202,475.203,454.170,451.95,402.123,307.114,422.77,298.103,324.61,327.162,471.155,268.81,411.104,433.79,378.20,322.58,375.14,331.87,347.170,238.160,305.149,306.169,293.165,139.129,126.100,123.76,125.60,133.50,165.0,203.62,195.83,203.112,205.139,201.159,196.172,191.11,195.150,311.179,248.174,308.185,318.174,310.156,316.188,321.191,324.174,174.183,180.188,185.71,157.62,149.233,242.396,174.228,322.486,87.324,192.348,195.370,195.403,180.306,187.362,135.335,137.387,138.403,146.419,196.286,463.406,166.491,177.446,179.330,287.232,373.227,392.260,380.279,386.248,393.265,394.308,409.223,315.228,295.435,126.290,232.281,306.285,293.401,282.230,267.381,105.413,112.465,53.277,123.313,145.327,393.451,357.264,317.245,323.301,394.291,394.427,98.281,314.337,107.341,90.370,9.445,76.353,50.450,116.469,104.229,384.253,388.271,390.259,320.296,394.285,397.290,392.250,312.261,392.245,393.225,394.233,437.229,423.228,413.227,403.225,396.265,394.267,397.272,402.276,408.301,362.487,258.276,394.280,395.237,332.274,325.240,328.312,244.349,258.288,301.428,27.409,57.390,88.287,420.286,96.296,51.308,1.391,190.443,211.295,182.424,154.275,219.266,300.467,223.424,229.392,238.348,233.317,224.295,214.244,193.459,268.444,151.216,324.283,255.500,169.277,204.291,301.413,167.270,284.475,307.296,174.251,273.390,417.390,432.483,264.423,388.481,138.290,478.214,326.303,270.467,181.370,182.349,183.291,401.449,308.249,498.318,475.350,458.329,181.312,177.301,175.461,145.318,158.339,150.360,148.381,152.393,158.498,124.385,178.282,352.264,314.238,347.355,442.323,460.249,491.422,400.303,167.255,229.285,489.471,309.246,395.249,400.253,408.254,417.262,430.281,394.287,393.293,390.317,377.416,323.259,205.277,160.292,162.276,392.413,366.255,161.276,446.239,219.267,263.239,455.330,415.309,316.306,433.364,311.329,335.381,341.246,476.281,274.349,426.318,445.350,392.439,340.380,391.454,349.344,360.270,242.258,309.274,313.249,297.297,141.335,128.369,125.397,129.416,138.427,173.491,221.406,206.380,213.348,212.320,206.300,200.285,193.495,212.272,318.251,251.240,312.229,320.240,314.266,323.224,322.223,325.287,176.274,182.264,187.401,163.413,155.;
Untitled:250,360.250,303.250,311.231,229.250,286.250,254.250,180.92,155.250,139.250,114.250,0.250,368.250,377.250,377.250,377.250,385.250,393.250,401.250,418.250,311.231,303.9,65.157,172.138,180.120,180.83,163.175,172.120,131.148,139.101,139.92,139.64,180.175,450.83,147.0,155.46,163.138,262.222,360.231,368.203,360.185,360.212,368.203,368.157,385.231,303.222,278.55,122.185,213.185,286.175,270.83,262.231,254.111,114.74,114.27,40.203,139.166,139.138,368.27,336.194,295.212,303.166,368.175,368.64,106.185,286.148,122.148,106.120,8.46,73.129,49.37,114.27,90.231,368.203,368.194,368.203,295.175,368.185,377.175,368.203,295.203,368.222,368.231,377.231,418.231,401.231,393.231,385.231,377.203,368.194,377.194,377.194,385.166,336.9,229.250,311.194,368.185,368.222,311.185,303.222,311.166,221.129,237.175,278.64,16.83,57.101,98.175,401.194,114.185,49.175,0.92,172.46,188.185,163.64,147.194,204.194,278.18,196.64,204.92,213.129,213.166,204.185,196.231,180.27,245.46,139.240,311.185,237.0,147.203,188.175,278.74,155.194,270.9,278.185,155.212,262.74,393.83,409.9,237.46,360.18,122.166,467.240,311.166,245.27,163.120,163.138,163.175,377.37,278.212,491.138,467.111,442.250,49.259,500.157,163.175,163.185,163.27,131.166,147.148,139.129,139.101,139.92,147.0,98.101,163.250,327.185,327.194,295.222,327.250,155.111,426.138,442.212,483.55,377.175,155.212,213.259,491.175,483.9,286.212,377.212,377.212,385.203,393.203,409.185,368.185,368.175,368.148,352.64,295.212,196.203,155.185,155.194,368.64,344.222,155.185,426.250,229.231,204.250,204.194,245.259,467.259,442.222,442.138,393.157,295.157,409.111,286.138,311.92,319.212,467.185,254.120,401.148,426.120,368.37,311.92,368.27,327.129,336.203,229.203,295.185,295.203,278.185,139.148,131.120,131.92,131.74,131.64,155.0,196.83,188.101,196.138,196.166,188.185,180.194,180.0,188.185,295.212,237.212,295.222,303.212,295.194,303.231,303.231,311.194,163.203,172.212,180.92,147.83,147.268,229.407,155.268,303.490,65.342,172.361,172.388,172.416,163.324,172.379,131.351,131.398,139.407,139.435,172.333,450.416,147.500,155.462,163.361,262.277,352.277,368.305,360.324,360.296,368.305,368.351,385.268,303.268,278.444,122.314,213.314,286.314,270.425,254.268,254.388,114.425,114.462,40.296,131.333,139.370,368.481,327.305,295.287,303.342,368.333,368.435,98.314,286.351,122.351,106.379,0.453,65.361,49.453,114.472,90.277,368.296,368.314,368.296,295.333,368.324,368.333,368.287,295.305,368.287,368.268,377.277,418.277,401.277,393.277,385.277,377.305,368.305,377.314,377.314,385.342,336.500,229.314,368.324,368.277,311.314,303.277,311.333,221.370,237.324,278.435,16.416,57.398,98.333,393.296,106.305,49.314,0.407,172.453,188.314,163.435,139.296,204.305,278.481,196.444,204.407,213.370,213.333,204.314,196.268,180.472,237.453,139.259,311.314,237.500,139.296,188.324,278.425,147.305,270.490,278.314,155.287,262.435,393.435,409.500,237.462,360.490,114.342,467.259,311.333,245.481,163.379,163.361,163.333,377.472,278.305,491.370,459.398,442.342,163.324,163.314,155.472,131.333,147.351,139.370,139.398,139.407,147.500,98.398,155.324,327.305,295.277,327.407,418.370,442.305,483.453,377.324,155.287,213.342,483.490,278.287,377.296,377.296,385.305,393.305,409.324,368.324,368.333,368.361,352.444,295.287,196.296,155.314,155.314,368.444,336.277,155.324,426.268,204.296,245.287,442.370,393.342,295.351,409.398,286.361,311.416,311.296,467.314,254.398,401.370,426.388,368.472,311.416,368.481,319.379,336.296,229.296,295.314,295.287,278.314,139.351,131.379,131.407,131.425,131.435,155.500,196.416,180.398,188.361,188.333,188.314,180.305,180.500,188.314,295.287,237.277,295.268,303.277,295.305,303.268,303.268,311.305,163.296,172.287,172.416,147.425,139.;
Untitled1:225,342.209,276.225,302.209,210.209,263.225,236.225,171.80,144.225,118.225,92.241,0.225,355.225,355.225,355.225,368.209,381.209,394.209,407.209,421.209,289.193,289.16,65.145,171.112,171.96,171.64,157.161,171.112,118.129,118.80,118.64,131.48,171.129,434.64,144.0,157.32,157.112,250.193,342.193,355.161,342.145,355.177,355.161,355.112,381.193,276.193,263.48,105.161,210.145,263.145,250.64,250.193,236.80,92.64,92.32,39.177,118.145,131.112,355.16,328.161,276.177,289.129,368.145,368.48,78.145,276.129,105.129,78.112,0.48,65.112,39.32,92.16,92.193,342.177,355.161,355.177,289.129,368.145,368.145,368.177,276.161,355.177,355.193,355.193,421.193,394.193,394.193,381.193,368.161,368.161,368.161,381.145,381.129,328.0,236.225,289.161,368.145,368.193,289.161,289.193,289.145,210.112,223.145,263.64,13.64,52.80,78.145,394.177,92.177,39.161,0.80,171.32,184.161,157.48,131.177,197.161,263.16,197.48,197.64,210.112,210.145,197.161,184.209,171.16,236.32,131.209,289.161,223.0,144.177,184.145,263.64,144.161,250.0,276.161,157.177,236.48,381.48,407.0,236.32,355.16,118.129,460.209,289.145,236.16,157.96,157.112,157.129,368.16,276.161,486.96,460.80,434.241,52.209,500.129,157.145,157.161,157.16,118.145,144.129,131.112,131.96,131.80,131.0,105.80,157.225,315.145,315.161,276.193,315.225,144.64,407.96,434.161,473.32,368.161,144.193,197.209,486.129,473.0,276.177,368.177,368.177,381.161,394.161,407.145,368.145,355.129,355.112,342.48,289.193,184.177,144.177,144.161,355.32,328.193,144.145,421.225,210.209,197.225,184.177,236.209,460.209,434.177,434.96,381.129,276.112,407.80,276.112,302.64,302.177,460.161,236.80,394.112,421.80,355.16,302.64,355.16,315.96,328.177,210.161,276.161,276.177,263.161,131.129,118.96,105.80,105.64,118.48,144.0,197.64,184.80,184.112,184.145,184.161,184.177,171.0,197.161,276.193,223.177,276.193,289.177,276.161,289.193,289.193,289.177,157.193,157.193,171.64,144.64,131.241,210.403,171.241,289.483,92.322,184.354,184.370,184.403,171.306,171.370,131.338,131.387,131.403,144.419,184.306,447.403,157.483,171.451,171.338,263.241,342.241,355.274,342.290,355.258,355.274,368.322,381.241,276.241,263.435,131.290,210.290,276.306,263.403,263.241,236.387,105.419,118.467,52.274,118.322,131.338,368.467,355.274,289.258,289.306,368.306,368.435,105.290,276.338,105.338,92.370,13.451,78.354,52.451,118.467,105.241,355.274,355.290,355.274,289.306,368.290,368.306,368.258,276.274,368.258,368.241,355.241,421.241,407.241,394.241,381.241,368.274,368.274,368.290,381.290,381.322,328.483,263.290,368.290,368.258,302.290,289.258,289.322,223.354,236.306,276.435,26.403,65.387,92.306,394.290,92.306,52.306,0.387,184.435,197.306,171.419,144.274,197.274,263.467,210.419,210.403,223.354,210.322,210.306,197.258,171.467,250.451,144.225,289.290,236.500,171.290,184.306,276.419,157.290,250.483,302.306,157.258,250.403,407.403,434.483,263.435,381.483,131.306,473.225,289.306,250.467,171.370,171.354,171.306,381.451,289.258,500.338,473.370,460.338,171.322,171.306,157.467,144.322,144.338,144.370,144.387,144.403,144.500,131.387,171.290,315.274,276.258,315.370,434.338,447.258,486.435,394.306,157.258,210.306,486.483,302.258,368.258,381.274,381.274,394.274,407.290,368.306,368.306,368.338,355.419,302.258,184.274,144.290,144.290,368.419,355.258,144.290,434.241,197.274,236.258,434.338,394.322,289.322,421.370,289.338,302.387,315.258,460.290,250.370,407.338,434.370,368.451,328.387,368.467,342.354,328.274,223.274,276.290,276.258,263.306,131.338,118.370,118.403,131.419,131.435,171.483,223.403,197.387,197.354,197.322,197.306,184.290,184.500,210.290,289.258,223.258,276.241,289.258,276.290,289.241,289.241,289.290,157.274,171.274,171.403,157.419,144.;
Untitled10:266,374.279,311.269,326.262,239.282,293.282,263.282,191.110,161.285,134.288,107.295,5.266,383.262,389.262,392.262,395.262,404.259,413.259,422.256,437.275,320.253,314.25,62.178,185.155,185.133,182.103,167.198,182.149,128.175,131.126,128.110,134.84,176.168,452.100,152.12,149.58,158.159,272.240,368.240,386.211,371.191,374.220,386.201,383.155,392.259,311.259,290.77,110.207,224.204,296.204,284.90,263.259,263.133,95.100,98.51,32.233,125.194,143.142,374.22,329.220,308.237,314.165,377.175,380.87,83.201,302.178,101.175,86.155,2.71,56.168,44.61,95.45,80.240,380.214,380.198,380.224,311.172,380.181,386.178,377.233,305.204,383.224,386.240,389.227,434.230,419.233,410.237,398.240,392.201,386.198,386.194,392.188,398.172,350.3,227.272,323.191,383.185,383.243,323.207,314.240,320.181,233.146,245.198,290.94,11.110,44.126,77.175,407.230,95.227,50.220,0.113,176.58,188.211,179.84,137.224,215.220,290.32,197.74,209.103,221.149,221.181,215.204,209.259,194.35,242.64,131.266,320.207,248.0,140.224,200.194,290.94,152.217,275.9,275.207,170.240,269.74,392.71,407.9,236.48,362.25,113.162,467.266,320.188,260.35,158.136,170.155,176.175,386.35,281.201,494.136,458.107,437.292,56.243,500.175,176.194,173.204,173.48,122.191,152.168,143.149,140.126,140.113,146.9,95.120,167.269,341.194,341.220,305.240,341.282,161.103,422.133,443.201,485.45,371.204,164.240,227.246,491.165,479.12,278.220,389.214,392.211,401.207,410.198,422.188,380.181,380.175,374.152,362.68,299.240,203.230,158.214,158.191,377.61,341.250,161.181,437.282,239.259,218.282,215.224,257.250,476.253,455.217,449.133,398.175,302.155,419.120,293.152,320.97,320.207,470.211,266.113,407.139,431.116,374.42,314.87,368.25,320.129,341.224,236.227,299.211,302.240,290.211,137.175,122.142,116.116,116.97,122.81,155.6,191.97,188.120,200.152,203.181,200.201,194.217,191.0,182.211,305.243,248.243,305.253,314.243,305.217,311.259,317.259,320.217,173.230,179.240,185.107,149.97,140.298,242.428,185.292,317.500,101.360,200.383,203.405,203.431,191.344,194.402,149.376,149.422,152.435,161.444,203.324,458.435,176.493,185.467,188.373,287.292,371.282,389.314,377.327,380.301,389.314,389.347,404.295,311.301,293.467,140.337,233.337,302.337,290.431,284.301,266.428,119.454,125.490,68.334,131.353,155.363,389.438,353.321,314.301,320.344,389.334,389.464,113.334,311.389,119.396,104.418,23.477,89.405,65.480,131.490,116.288,383.308,386.321,386.314,317.337,389.331,392.331,386.314,308.308,386.295,389.279,392.282,437.285,422.285,413.285,401.282,395.311,392.314,395.321,398.324,404.347,359.470,260.321,389.324,392.295,329.324,320.298,323.353,245.389,260.337,299.464,41.451,71.438,104.331,416.344,107.353,62.363,11.422,200.464,218.334,188.454,164.324,221.327,299.480,230.451,233.425,242.386,239.357,227.337,218.301,197.470,272.470,161.285,320.331,257.493,176.324,206.337,299.441,179.327,284.457,305.334,179.314,272.402,410.392,422.480,266.428,383.493,149.324,473.282,323.347,272.480,191.405,191.386,194.334,395.461,308.285,497.340,467.366,449.366,191.350,185.340,182.480,155.357,164.376,158.396,158.415,164.428,170.500,134.418,188.331,350.321,311.295,344.376,434.350,455.292,488.415,392.340,173.311,230.318,485.467,308.298,392.301,398.305,407.308,416.308,428.324,389.331,386.337,383.360,374.438,323.311,209.324,167.334,170.321,386.428,362.308,164.318,443.301,221.324,263.285,455.366,410.353,314.344,428.402,311.370,335.412,341.292,473.331,272.376,419.350,440.383,389.448,338.405,386.451,347.383,359.321,242.321,305.331,311.314,296.344,149.379,140.412,140.435,143.448,152.451,182.490,227.435,212.412,221.386,218.357,212.340,206.327,197.480,218.327,314.311,251.308,308.295,317.308,311.321,320.292,320.288,320.327,182.318,188.311,191.431,173.441,167.;
Untitled2:303,360.303,303.294,319.274,229.303,278.303,254.294,180.107,172.284,122.284,98.284,0.303,368.294,377.294,377.294,377.294,385.294,393.294,409.294,426.303,311.274,303.19,90.176,188.156,188.137,188.98,180.196,188.147,139.166,139.117,139.107,147.78,188.205,459.98,163.9,172.58,172.176,278.274,360.274,377.235,360.215,368.254,377.235,377.186,393.284,303.284,278.68,122.215,221.225,295.225,278.98,270.284,254.127,98.88,106.39,49.235,122.196,147.166,377.39,352.245,303.264,311.196,377.205,377.78,90.225,295.176,106.166,90.137,8.58,73.156,49.49,114.39,98.274,368.245,377.225,377.245,303.196,377.215,377.205,377.254,295.235,377.254,377.274,377.264,426.274,409.274,393.274,385.274,377.235,377.225,377.225,385.225,393.196,344.9,254.303,311.215,377.215,377.264,319.225,311.264,311.196,237.156,245.215,286.78,24.98,49.117,81.205,409.225,90.215,49.205,0.107,188.58,204.215,180.78,147.235,213.235,286.39,221.78,221.107,229.156,229.186,221.215,213.264,188.39,262.58,147.294,311.225,245.0,172.235,196.215,286.88,163.235,270.19,303.205,172.254,262.98,409.98,426.19,262.68,385.19,131.205,475.294,311.196,262.39,180.137,180.156,180.205,385.49,303.245,491.166,467.137,450.284,49.294,500.176,180.196,180.205,172.39,139.186,155.166,147.147,147.127,147.107,155.0,122.117,172.294,327.215,336.245,303.264,336.284,155.137,434.166,450.245,483.68,393.205,163.254,221.294,491.205,483.29,303.254,377.245,385.245,393.245,401.235,418.215,377.205,377.205,377.176,360.78,311.254,196.235,155.215,163.215,377.78,360.254,155.215,434.303,229.274,213.294,204.235,254.294,467.294,450.254,442.166,401.196,303.186,426.137,295.166,319.117,327.245,467.225,262.147,418.176,434.147,377.58,336.107,385.39,344.147,344.235,229.245,295.235,295.264,278.215,139.176,131.137,122.107,122.88,131.78,172.9,221.98,204.127,204.156,204.186,204.205,196.225,188.0,213.235,303.254,237.264,295.274,303.264,295.235,311.284,303.284,311.215,172.235,180.245,180.107,163.88,155.313,229.441,172.323,303.490,90.382,188.401,188.421,188.450,180.362,188.411,139.382,139.431,139.450,147.460,188.372,450.450,163.500,172.480,172.401,270.323,360.323,377.352,360.362,368.343,377.352,377.392,393.323,295.323,278.480,122.352,221.362,286.362,278.460,270.323,254.431,106.460,106.480,57.333,122.362,147.401,377.470,344.352,303.333,303.382,377.372,377.470,90.362,295.392,106.401,90.411,8.480,73.401,49.490,114.490,98.323,368.343,368.362,368.343,303.372,377.372,377.372,368.343,295.343,377.333,377.313,377.323,426.323,401.323,393.323,385.323,377.352,377.352,377.362,385.362,385.382,344.490,254.362,377.362,377.323,319.352,311.333,311.372,237.411,245.362,286.450,24.450,57.441,81.372,401.343,98.352,49.352,0.441,188.480,204.352,180.470,147.343,213.352,286.500,213.470,221.441,229.401,221.372,221.352,204.313,188.490,254.480,147.313,311.352,245.490,163.333,196.362,286.450,163.352,270.480,295.352,172.343,262.441,401.431,418.500,254.460,377.500,131.372,467.313,311.372,254.490,172.421,180.401,180.372,377.490,295.333,491.382,467.411,442.382,180.362,180.352,172.490,139.372,155.392,147.411,147.431,155.441,155.500,122.431,172.362,336.352,295.323,327.421,426.392,450.333,483.450,385.352,163.333,221.362,483.490,295.333,377.343,377.343,385.343,401.352,418.362,377.372,377.372,368.401,360.470,303.323,196.333,155.343,163.362,368.470,352.313,155.362,434.313,213.343,254.333,442.401,393.382,303.382,418.431,295.401,319.450,327.333,467.352,262.421,409.392,434.421,377.480,327.441,377.480,336.421,344.343,229.352,295.362,295.343,278.352,139.392,131.421,122.441,131.460,131.470,172.500,213.450,196.431,204.401,204.372,204.352,196.343,188.490,213.352,303.333,237.333,295.323,303.333,295.352,303.323,303.313,311.343,172.333,180.323,180.450,163.460,155.;
Untitled3:259,358.259,304.253,315.240,233.259,282.259,255.253,184.90,168.253,135.253,108.259,0.259,369.259,375.259,380.259,385.259,396.259,407.259,418.253,434.259,309.240,309.12,81.155,190.136,190.116,190.84,173.175,184.123,135.149,141.103,141.90,146.64,190.175,451.84,163.6,168.45,173.149,271.233,353.233,375.207,358.194,369.220,375.207,375.162,396.240,298.233,282.51,125.188,222.188,293.188,277.84,266.240,255.110,108.77,114.32,48.207,130.168,146.149,380.38,342.207,304.227,309.175,380.188,380.64,97.188,298.149,114.149,97.123,10.51,76.136,48.38,114.25,97.233,364.214,369.201,375.214,304.181,380.188,385.188,375.214,298.207,375.220,375.240,375.227,429.233,418.233,407.233,396.240,385.207,380.201,385.201,391.194,396.168,347.12,250.253,315.201,380.194,380.233,315.201,309.227,315.168,233.129,250.188,288.64,27.84,54.97,92.181,407.201,103.194,54.181,0.97,184.45,201.188,179.64,152.201,211.201,288.25,211.58,217.90,228.136,222.162,217.188,206.233,190.32,255.45,146.246,309.194,244.0,163.201,201.181,288.77,163.201,271.19,293.188,173.220,260.90,402.90,418.12,250.58,375.12,130.175,467.246,315.175,260.25,173.116,173.136,179.181,385.38,293.207,494.149,461.123,445.259,54.253,500.155,179.168,173.181,173.32,141.168,157.149,152.129,146.110,152.97,157.6,119.103,173.259,331.188,336.207,298.227,331.253,157.116,429.142,445.207,483.64,385.181,168.220,222.253,489.175,478.19,293.220,385.214,391.214,396.207,407.201,423.194,380.188,375.181,375.155,358.71,309.220,201.207,157.188,163.201,375.71,353.227,163.188,434.259,228.233,211.259,206.207,255.253,472.253,451.220,451.142,402.168,298.162,418.116,298.149,320.97,326.214,467.194,260.123,413.149,434.123,375.45,326.97,375.38,336.129,342.207,233.207,293.194,298.220,282.188,141.149,130.116,130.90,130.71,135.64,168.6,211.77,195.103,206.136,206.162,201.181,195.194,190.6,206.201,304.220,239.227,298.233,304.227,298.201,309.240,309.240,309.194,173.207,179.214,184.90,157.77,152.272,233.415,173.272,309.493,86.350,190.370,195.389,190.422,179.331,184.383,141.357,141.402,146.422,152.435,190.331,456.422,168.493,173.461,179.363,277.279,353.279,375.305,364.318,369.292,375.305,380.344,396.272,304.279,282.454,130.318,228.318,293.324,282.422,271.279,255.402,114.435,119.474,54.305,130.337,152.357,380.454,347.305,304.285,309.337,380.324,380.448,103.318,298.363,114.363,97.389,10.461,81.376,54.467,119.480,103.279,369.298,369.311,375.298,304.331,380.324,385.324,380.292,298.298,375.285,375.272,380.285,429.279,418.279,407.279,396.279,385.305,385.311,385.311,391.318,396.337,347.487,255.311,380.318,385.279,315.311,309.285,315.344,239.376,250.324,288.441,27.428,59.409,97.331,413.311,103.318,54.331,5.409,190.461,206.318,179.441,157.305,211.311,288.480,217.441,222.415,233.376,228.344,217.324,211.279,190.474,260.461,152.266,309.318,250.500,168.305,201.324,288.428,168.311,271.474,298.318,173.292,260.415,402.409,418.487,255.435,375.487,135.337,467.266,315.337,260.480,179.389,179.370,184.331,391.461,298.298,494.357,467.383,445.350,179.337,179.324,173.474,146.337,157.357,152.376,152.396,157.409,163.500,125.402,179.318,336.305,298.285,331.389,429.363,451.298,483.435,391.324,168.292,222.331,483.474,298.292,385.298,391.298,402.305,407.311,423.318,380.324,380.331,375.350,364.435,309.292,201.305,163.318,163.311,375.435,353.285,163.318,440.279,211.305,255.292,451.363,402.344,304.344,423.396,298.363,320.409,326.298,467.318,266.383,413.357,434.383,380.454,331.409,380.461,336.376,347.305,233.298,293.311,298.292,282.324,146.357,135.389,130.415,135.435,141.441,173.493,217.428,201.402,206.376,206.344,206.324,195.311,190.493,211.311,304.292,244.285,298.279,304.285,298.305,309.272,309.272,309.311,173.298,179.292,184.415,163.428,157.;
Untitled4:217,347.211,278.217,300.200,210.211,257.211,231.217,163.76,157.223,121.223,94.223,0.217,352.217,363.217,363.217,368.217,378.217,389.217,400.217,415.211,289.194,289.11,89.141,173.117,173.100,173.70,168.152,168.105,131.129,131.88,136.76,142.58,178.135,447.70,157.0,173.35,168.117,257.188,342.194,363.164,347.147,357.176,363.158,368.123,384.194,278.188,257.41,126.158,205.147,268.147,257.58,257.194,231.88,110.64,115.29,57.182,121.152,136.105,368.23,352.158,284.182,289.129,373.141,368.52,105.147,278.129,110.123,94.105,10.41,78.117,47.35,121.23,105.188,352.170,357.152,363.164,284.135,373.141,373.141,368.170,278.164,363.182,363.200,363.188,415.188,394.194,384.194,373.194,368.164,368.158,373.152,378.147,384.129,331.5,257.211,294.152,368.147,368.188,300.152,289.182,294.141,221.105,231.141,268.58,26.70,57.82,94.141,394.170,94.164,47.158,0.82,173.35,194.164,163.52,147.176,194.158,263.11,205.47,205.70,215.111,210.141,200.158,189.200,168.17,247.35,147.200,289.158,226.5,173.176,178.147,268.64,157.158,252.11,305.164,157.176,236.52,400.58,426.0,252.35,373.11,136.129,468.205,289.141,242.17,173.100,163.117,163.141,378.17,289.170,494.111,468.82,452.223,47.217,500.135,163.152,157.158,157.23,142.147,142.129,142.111,142.94,142.82,147.5,126.88,163.217,310.147,321.158,278.188,315.223,142.76,426.105,447.170,478.41,394.158,152.182,200.217,484.135,484.5,294.176,368.176,373.170,378.164,389.164,405.147,368.141,368.135,363.117,352.47,300.188,178.182,142.170,147.152,368.41,347.194,142.152,426.217,205.200,189.217,184.170,231.217,463.217,436.182,436.100,394.129,284.123,410.88,278.111,305.70,315.176,457.158,242.82,405.111,426.88,368.23,321.64,368.17,336.94,331.170,210.164,273.152,278.170,257.164,131.129,126.100,126.76,126.58,136.52,163.0,210.64,189.88,194.111,189.141,184.158,178.176,173.5,215.152,284.182,215.176,273.188,284.176,278.158,289.194,284.200,289.170,157.182,163.188,168.76,152.64,147.235,210.382,157.235,289.476,89.317,173.341,173.364,173.394,163.300,168.352,131.329,131.370,131.388,136.411,178.305,447.394,152.488,173.441,168.335,257.241,342.241,363.270,347.294,357.258,363.276,368.323,389.229,278.235,257.423,126.288,205.294,273.294,257.400,257.235,231.364,105.400,110.452,52.264,115.305,131.341,368.470,357.276,284.258,289.311,373.300,368.411,100.294,278.323,105.329,89.358,5.429,73.341,47.441,115.458,105.241,352.264,357.282,363.270,284.305,373.294,373.300,368.258,278.276,363.258,363.235,363.247,415.241,394.241,384.241,373.241,368.276,368.282,373.282,378.288,384.311,336.494,263.288,368.294,368.247,300.288,294.252,294.311,221.347,231.300,268.411,26.394,52.376,89.300,400.276,89.282,42.294,0.382,173.435,194.288,163.411,147.276,194.276,263.464,210.417,210.388,215.347,210.311,200.294,189.241,168.458,252.435,142.223,289.288,226.500,173.276,178.300,268.400,157.276,252.488,310.294,152.252,236.411,405.411,431.488,257.441,378.476,136.311,473.223,289.305,242.464,173.358,163.341,163.300,378.452,289.270,500.347,473.376,457.323,157.305,157.294,157.452,142.311,142.329,136.347,136.370,142.382,147.494,126.376,157.294,321.276,278.247,315.376,431.347,452.270,484.441,400.300,147.252,200.311,489.476,300.258,368.264,373.264,378.270,389.276,410.294,368.300,368.305,363.329,352.417,300.258,178.270,142.288,147.288,368.423,352.252,142.294,426.241,189.270,231.252,436.347,394.317,284.323,415.364,284.335,305.388,315.264,463.288,242.370,410.335,431.364,373.447,326.394,373.464,342.352,336.270,215.264,273.282,278.252,257.288,131.323,121.352,121.382,126.400,131.417,163.488,215.400,189.376,194.347,189.317,184.294,178.282,173.494,215.282,284.252,221.247,273.235,284.247,278.276,289.235,284.229,289.282,157.270,163.258,163.388,152.400,147.;
Untitled5:288,344.291,277.285,296.264,210.291,258.288,229.277,162.116,155.275,122.275,98.264,0.288,354.288,361.288,363.288,370.288,380.288,389.288,401.288,418.291,287.264,284.21,86.179,169.158,172.137,174.105,165.198,165.148,131.171,129.126,133.111,138.87,179.201,449.105,153.10,169.58,167.166,258.259,342.264,363.230,349.211,358.243,363.227,366.179,389.272,277.267,258.76,126.208,205.211,270.206,260.100,258.267,232.132,107.100,114.44,55.230,119.190,133.164,370.29,351.227,282.246,287.190,373.198,370.87,102.208,279.174,107.169,93.137,11.66,76.156,50.60,117.42,102.261,354.238,358.219,363.232,284.195,370.203,375.201,368.243,275.230,366.246,363.267,363.256,418.261,401.261,389.264,377.264,370.224,370.222,373.216,380.214,387.190,334.2,253.288,289.214,370.208,373.256,296.216,291.251,291.187,217.153,232.203,267.82,28.103,59.124,93.201,401.222,95.208,47.195,2.119,169.63,196.208,160.87,145.224,193.227,265.37,208.82,208.111,215.156,210.185,200.206,188.256,167.42,251.66,143.277,287.211,227.0,167.224,179.201,267.97,155.224,251.10,301.206,153.243,239.92,404.87,425.13,253.60,377.26,133.193,471.277,289.193,241.37,172.140,160.158,160.198,377.47,289.238,497.161,471.126,452.269,47.288,500.177,160.193,155.203,155.47,141.187,141.169,136.148,136.129,141.119,145.5,122.124,157.288,311.208,320.227,279.253,313.275,141.124,430.158,452.238,483.55,394.201,148.243,200.291,485.198,488.18,296.243,370.240,375.238,385.235,394.227,411.211,368.203,368.198,366.174,351.82,301.240,179.224,143.211,143.214,366.76,349.246,143.211,430.283,205.259,188.280,184.227,232.291,464.288,440.251,440.156,394.182,287.182,416.134,284.164,306.116,318.243,464.214,244.134,409.166,433.137,370.52,322.108,373.31,337.148,334.227,212.235,272.216,277.246,260.208,131.174,124.142,124.116,126.97,133.82,162.7,210.100,186.126,191.156,188.182,184.203,177.216,169.0,210.216,282.246,220.253,275.264,282.251,277.224,287.269,284.269,289.214,155.230,160.238,165.111,148.100,145.301,208.420,143.309,284.478,71.359,165.380,165.399,162.425,153.341,160.388,122.365,124.410,124.423,129.441,165.370,440.425,141.494,153.465,153.386,248.314,339.309,361.341,344.357,351.328,358.341,361.383,377.309,275.312,255.452,112.341,200.354,265.354,253.441,244.306,232.407,98.433,102.460,43.317,117.346,129.396,358.481,332.341,277.322,284.373,363.362,361.444,88.354,272.367,100.373,86.383,4.452,64.375,43.462,102.470,88.312,351.333,354.349,356.333,279.367,363.359,366.359,358.330,272.335,358.322,361.306,363.317,416.317,399.314,387.312,375.309,368.341,363.343,366.349,373.354,377.373,325.492,234.349,363.354,363.314,294.346,284.320,289.362,210.394,222.357,260.431,19.423,47.412,83.365,392.322,93.328,43.330,0.417,160.465,179.330,155.444,131.325,188.343,260.486,191.452,193.428,203.388,200.359,193.338,184.298,167.486,232.460,129.301,284.341,222.492,148.322,177.357,263.431,141.341,246.492,279.330,148.325,236.452,387.447,406.500,234.473,356.481,117.375,461.296,289.359,234.481,155.399,150.380,153.365,370.484,270.335,492.396,456.423,435.362,153.346,150.335,150.470,124.349,136.367,129.386,129.404,129.415,133.486,105.410,148.357,313.341,275.317,311.428,413.404,437.338,478.465,373.338,143.314,198.370,476.497,277.328,366.330,370.335,380.338,389.343,406.354,361.359,358.367,356.388,339.457,284.312,177.314,141.328,141.349,358.462,330.301,141.357,423.301,188.333,227.325,435.404,382.375,277.383,404.417,272.391,296.433,301.335,459.343,236.420,394.396,418.417,358.478,303.441,356.489,318.407,322.328,208.335,267.349,272.328,258.330,126.365,117.394,114.420,114.436,122.447,148.500,191.431,174.412,181.383,181.357,177.338,172.325,167.492,191.349,277.317,215.322,272.312,282.322,275.341,282.306,284.304,287.325,150.314,157.309,162.423,138.431,133.;
Untitled6:209,349.198,274.206,296.183,214.198,255.198,229.206,169.61,180.206,109.202,82.202,3.209,357.213,364.213,368.217,379.213,390.217,398.217,409.221,428.202,285.187,285.0,109.122,191.103,195.80,195.57,184.141,184.87,131.114,131.64,139.53,150.41,199.148,451.53,172.0,191.22,184.106,270.183,345.190,368.160,353.148,360.175,368.160,372.125,390.183,274.175,255.26,127.148,218.141,274.141,266.49,274.179,233.64,101.38,112.11,75.156,109.137,139.110,372.45,360.160,285.175,289.133,375.145,372.30,101.145,285.99,97.95,82.80,22.19,86.91,52.15,120.7,116.187,357.167,364.152,368.164,289.137,375.145,379.145,372.164,274.167,368.179,368.194,368.194,424.190,409.190,398.190,387.194,379.164,375.160,379.152,387.148,390.129,338.19,270.206,289.156,375.148,375.183,300.152,296.179,296.125,233.91,248.141,274.34,45.45,63.57,86.141,406.145,82.141,48.133,11.64,191.22,214.152,180.38,157.160,206.152,266.7,225.34,225.57,233.99,225.125,218.148,206.187,176.11,266.22,154.190,285.148,236.3,191.164,195.141,278.49,172.152,255.30,315.152,169.164,240.72,409.80,424.7,270.49,383.3,154.145,469.194,289.133,251.11,187.80,184.99,187.141,383.19,304.187,496.129,466.106,451.202,45.232,500.118,184.137,176.148,172.11,154.133,154.114,150.91,150.72,154.61,161.0,146.68,184.209,315.145,327.156,281.179,319.206,139.95,432.122,447.183,484.64,398.148,165.171,206.225,488.152,484.15,312.175,379.171,383.167,390.167,402.164,417.152,372.145,372.137,368.114,357.41,312.175,187.167,150.156,157.156,368.49,357.179,146.156,432.202,210.183,195.202,191.156,240.225,469.221,447.187,443.110,398.125,293.129,417.76,296.106,315.64,327.183,466.148,251.95,413.122,432.91,375.30,334.72,379.30,349.95,342.160,221.156,274.148,281.164,259.145,131.106,120.80,120.53,127.41,139.38,180.0,229.53,206.72,210.99,210.125,203.145,195.160,187.15,229.152,285.167,225.167,274.183,281.171,274.160,293.187,285.190,289.160,169.171,172.175,176.57,169.45,161.221,210.385,157.225,281.473,78.316,180.339,180.362,176.393,165.293,176.343,112.316,116.370,116.385,124.412,176.312,443.393,150.484,161.435,157.328,259.236,345.236,364.270,349.290,353.259,364.278,364.328,379.217,274.217,255.416,101.282,210.274,266.278,259.400,251.221,233.358,78.393,86.446,45.259,101.293,127.343,360.473,342.259,278.240,285.316,364.305,364.404,71.278,278.316,78.320,63.339,3.423,56.328,33.431,93.454,86.236,357.263,357.282,360.255,285.309,364.301,372.301,364.244,270.274,364.255,364.236,368.251,424.248,406.244,394.240,387.240,379.278,372.282,372.286,379.293,383.309,330.496,244.290,368.293,368.236,296.270,293.240,293.309,221.347,233.282,266.404,18.385,41.366,60.309,398.263,71.267,41.274,0.381,172.435,187.282,169.408,131.263,199.259,259.461,199.419,203.389,214.343,210.309,206.286,195.229,172.458,240.427,127.213,281.278,229.500,157.267,187.290,270.400,150.263,248.488,293.282,161.240,236.416,394.419,413.488,244.442,364.469,120.316,462.213,289.301,244.458,161.358,169.339,169.309,372.458,281.278,492.351,462.381,439.320,169.301,165.290,165.446,124.301,142.320,135.343,131.366,135.377,142.488,112.374,161.286,319.259,274.240,315.385,421.351,439.274,481.446,383.286,154.244,203.316,477.480,285.259,375.263,379.267,387.274,398.282,413.293,364.301,360.305,357.328,345.423,293.248,184.263,146.274,146.290,364.427,338.236,142.297,428.225,195.259,233.259,439.351,387.309,285.328,409.366,278.335,304.389,308.270,462.274,244.374,398.343,424.366,360.450,312.400,364.469,327.354,327.259,218.251,266.267,274.240,255.278,120.316,105.351,101.377,105.396,116.416,154.488,203.396,184.374,191.343,195.312,191.290,184.274,180.496,203.267,281.240,221.232,270.225,281.236,274.263,289.221,281.221,285.274,161.259,169.251,169.385,146.396,135.;
Untitled7:262,367.262,313.262,329.243,243.262,291.262,262.259,189.91,186.259,129.256,101.256,0.262,376.262,382.262,382.262,386.265,392.265,401.265,408.262,427.262,322.243,319.9,94.158,205.136,205.113,205.82,193.177,199.123,148.148,148.101,151.85,158.66,202.186,455.82,180.6,186.41,186.148,287.237,367.240,382.208,370.193,376.221,382.205,382.167,398.246,313.243,294.50,132.193,237.193,303.193,291.79,284.243,265.101,107.69,117.25,60.205,126.174,158.148,382.44,360.208,313.227,319.174,382.183,379.56,101.193,310.145,110.139,91.117,12.41,82.129,53.37,120.22,110.237,376.215,379.199,379.215,316.177,382.186,386.183,379.221,310.208,379.224,382.243,382.237,427.237,408.240,398.240,392.243,386.205,382.202,386.199,389.196,395.170,357.15,265.262,325.196,382.193,382.237,329.202,319.231,322.167,246.129,262.189,297.60,31.75,60.91,91.183,408.196,98.189,53.180,3.94,199.44,218.189,193.63,161.205,224.205,297.25,227.60,234.91,243.132,240.164,231.189,221.237,196.31,272.44,158.253,322.196,256.0,180.205,208.186,297.75,180.205,281.25,313.189,183.224,272.91,411.94,427.12,268.63,386.12,145.180,474.253,322.177,272.25,189.113,196.132,196.183,389.37,310.221,496.158,471.129,452.256,53.262,500.155,196.174,189.183,186.28,151.167,167.148,161.126,161.107,164.94,170.0,132.101,189.262,341.189,348.208,310.234,341.259,161.123,436.151,455.218,487.69,398.183,177.224,231.262,487.186,484.25,313.221,382.221,389.218,395.215,401.208,420.193,382.186,382.180,379.155,367.66,322.221,208.208,167.193,174.196,379.66,363.227,164.196,436.262,240.240,221.259,215.208,262.262,471.262,449.227,446.145,405.167,313.167,424.113,310.145,332.94,338.221,471.196,275.126,417.155,439.126,386.47,341.98,386.37,351.129,354.208,243.215,306.199,310.224,294.186,148.148,136.117,132.88,139.72,145.63,183.6,227.79,215.104,221.132,221.161,215.183,208.199,202.6,221.202,313.224,250.231,310.240,316.231,310.208,319.246,319.246,322.199,186.212,189.218,193.88,174.75,167.281,240.420,177.281,319.493,85.354,199.376,202.398,199.427,183.335,196.386,142.360,145.408,145.424,151.443,193.338,452.427,170.500,174.465,177.370,281.291,363.287,379.316,367.335,370.306,379.322,379.357,392.281,310.284,291.458,123.325,234.329,297.329,287.436,272.281,265.411,104.439,107.477,50.310,123.338,151.376,373.462,348.313,310.297,316.351,376.341,376.452,91.329,306.370,104.373,88.392,6.465,72.379,47.471,110.481,101.291,373.310,376.329,376.306,313.348,376.338,379.341,373.303,306.316,376.300,379.284,382.291,424.287,408.287,398.287,389.284,382.319,379.322,379.325,382.329,389.351,351.487,253.329,376.332,376.287,325.322,316.294,322.348,243.386,253.332,294.446,25.433,53.417,85.341,405.316,94.322,50.329,0.417,193.465,205.322,189.446,155.310,221.316,294.484,215.449,221.424,231.382,231.351,224.325,218.281,196.481,259.462,148.275,319.322,253.500,167.310,205.335,294.433,170.316,278.477,300.322,183.300,268.424,401.417,417.493,256.449,373.490,132.341,468.272,322.341,265.481,177.398,186.379,189.341,382.474,297.303,493.363,465.389,446.357,189.341,186.329,183.477,139.344,164.363,158.382,155.405,158.417,164.500,120.411,183.332,341.313,306.294,341.395,427.370,446.306,484.443,389.329,174.297,227.335,481.484,297.303,379.306,386.310,392.313,398.319,414.335,376.341,376.348,373.367,360.449,310.297,205.306,164.319,170.329,376.446,354.287,164.329,433.281,218.310,259.297,446.376,398.354,306.354,417.405,300.376,322.424,329.303,468.322,268.395,411.367,430.395,376.465,329.420,376.471,338.392,344.310,240.310,303.322,306.303,291.325,145.363,132.395,129.420,129.436,139.446,174.500,215.430,205.408,212.379,215.351,212.329,205.316,199.493,208.322,310.297,250.297,306.284,316.297,310.316,316.281,319.278,322.316,183.303,186.297,189.424,167.433,158.;
Untitled8:217,363.214,300.217,319.200,231.214,278.214,250.225,180.78,167.228,123.228,91.232,0.217,373.217,382.217,382.217,386.217,395.217,405.217,414.217,430.214,310.200,310.17,85.139,189.117,189.96,189.71,174.157,183.110,132.135,132.89,132.75,142.57,186.142,452.71,161.3,170.35,170.117,275.192,360.196,379.167,367.153,373.178,379.164,379.128,395.196,300.192,278.46,117.164,224.157,291.157,281.57,268.196,253.92,94.64,104.35,50.182,113.153,142.110,379.25,351.171,303.189,310.135,379.146,379.57,88.157,300.128,98.125,82.114,9.46,69.121,44.35,107.25,98.192,373.175,376.160,376.178,306.139,379.146,382.146,379.178,297.171,379.185,382.200,382.189,430.192,411.192,401.192,392.196,386.164,382.160,386.157,389.153,395.135,348.10,253.214,313.157,379.153,382.192,319.164,313.189,313.142,237.107,246.153,287.64,25.75,50.85,79.142,408.175,88.171,47.167,0.82,183.32,202.167,180.57,148.178,212.167,284.14,212.46,218.71,227.110,224.139,218.164,208.203,186.14,256.39,142.203,310.164,246.7,167.178,199.153,287.64,161.167,272.14,300.171,170.182,259.60,408.64,424.0,256.35,379.14,132.139,471.207,313.146,259.21,174.96,177.117,180.142,386.17,294.175,493.117,468.92,449.228,50.217,500.135,177.153,177.164,174.28,136.150,155.132,148.114,145.92,148.82,155.7,120.85,174.217,332.153,338.171,300.189,335.225,151.85,430.110,449.171,484.42,392.164,164.189,221.217,490.146,484.7,300.178,382.175,389.171,395.171,405.164,420.153,379.146,379.142,376.121,360.42,310.189,199.185,155.171,158.160,379.42,354.200,155.153,436.217,227.203,208.221,205.175,253.217,474.217,449.182,449.107,401.135,303.128,420.85,297.114,322.67,325.175,468.164,262.92,414.117,433.92,379.25,329.67,379.17,338.100,344.175,234.171,294.164,297.178,281.167,136.132,120.103,120.78,123.64,129.53,167.0,212.64,196.85,205.114,205.139,202.160,196.175,189.7,208.164,303.185,240.185,297.196,306.185,300.171,310.200,306.203,313.178,174.185,177.192,183.75,158.67,148.235,231.392,174.235,310.482,94.325,193.346,196.367,193.400,180.303,186.357,132.332,136.378,139.396,145.417,196.296,458.400,167.489,183.442,180.332,281.242,363.239,382.267,370.285,376.257,382.275,382.317,401.232,300.235,281.428,123.289,227.282,294.285,284.403,278.235,253.375,98.407,107.457,56.278,117.310,145.332,386.457,367.267,306.250,310.307,386.300,382.421,94.282,303.335,101.339,82.364,12.439,75.346,47.442,113.464,104.239,373.264,376.282,379.260,310.303,386.292,389.296,382.253,300.271,382.257,382.235,382.246,430.242,414.242,405.239,395.239,386.275,386.278,389.282,392.285,398.307,354.489,265.285,386.289,386.242,319.275,316.246,316.314,240.350,253.289,291.421,28.403,56.385,82.296,414.285,88.292,47.303,3.389,189.439,212.292,180.417,155.275,215.267,287.464,224.425,227.392,234.350,231.317,221.292,212.246,186.460,268.439,148.225,310.285,250.500,177.278,199.292,291.407,167.271,275.478,316.292,174.253,262.400,417.400,436.485,268.432,392.478,142.300,477.225,313.303,265.464,183.367,180.346,183.300,392.453,306.260,500.328,477.360,462.328,180.310,177.300,177.457,145.314,158.335,151.353,148.375,151.389,158.492,132.382,177.285,341.267,303.246,335.364,443.335,458.260,490.432,408.300,167.257,221.296,490.475,313.257,386.260,392.264,398.267,408.275,424.289,382.296,382.300,379.325,367.417,319.260,199.275,158.289,161.285,382.417,367.257,155.285,443.242,212.271,253.253,452.339,408.310,306.314,427.367,303.335,329.385,335.257,471.282,265.357,424.328,443.357,386.442,341.389,389.460,354.350,354.271,234.260,297.275,300.253,284.296,136.332,123.364,123.389,126.410,136.421,174.489,224.403,205.378,212.350,212.321,205.300,199.282,193.492,221.275,306.253,240.246,297.235,306.246,300.267,313.232,310.232,313.285,174.271,180.264,183.396,164.407,155.;
Untitled9:245,347.245,284.245,300.223,215.242,263.242,236.242,168.82,165.239,121.239,94.236,0.245,355.248,363.248,365.248,381.248,392.248,402.251,413.251,428.245,292.220,289.9,92.150,181.128,181.107,181.76,173.168,176.113,134.138,134.92,136.79,144.61,184.171,450.76,160.0,176.36,173.131,263.214,342.220,363.184,347.165,352.196,363.180,363.141,384.223,281.220,263.46,126.174,213.168,273.168,263.67,257.220,239.95,105.64,113.24,60.193,118.162,139.122,363.36,350.187,284.205,292.144,365.156,365.52,100.168,281.134,105.128,89.107,15.39,78.119,52.33,118.21,107.217,355.190,355.171,357.193,289.150,365.159,373.159,363.199,281.187,360.202,363.223,363.220,426.217,410.217,400.220,386.223,381.184,373.180,376.174,381.168,389.147,331.9,257.245,294.171,371.165,371.214,300.174,292.208,297.153,223.119,236.165,271.55,34.70,60.85,92.162,400.184,94.174,50.165,5.88,178.39,200.177,171.58,150.190,200.184,268.18,213.55,213.82,218.122,215.153,207.174,197.220,173.21,252.39,147.233,292.177,231.0,171.193,186.162,271.67,163.180,255.18,302.177,163.202,244.79,400.85,421.6,255.52,373.9,136.168,468.236,294.156,247.18,176.107,171.128,171.153,376.27,289.211,497.144,468.116,447.236,47.257,500.147,171.162,165.174,165.24,144.159,150.138,144.119,144.98,150.85,155.0,128.95,168.245,315.165,321.187,281.211,315.242,144.107,426.138,447.208,484.61,392.171,157.205,207.257,489.174,484.15,297.202,378.196,384.193,392.190,402.187,415.165,363.159,360.150,357.131,344.55,300.205,186.193,150.180,152.171,360.55,347.211,147.177,431.242,213.220,197.242,192.190,236.254,468.254,447.214,444.125,389.144,286.150,413.98,284.125,307.82,315.208,465.174,247.110,405.141,428.107,365.36,323.82,368.27,336.110,331.193,218.190,276.174,281.202,265.174,134.138,123.107,123.79,128.64,136.55,168.0,215.73,192.95,197.125,197.153,192.174,186.187,178.6,213.177,284.205,226.208,278.220,289.208,281.184,289.226,289.226,294.187,163.199,168.205,171.79,157.67,152.263,215.404,155.269,289.481,78.340,173.361,176.383,173.411,163.319,171.368,123.343,126.392,126.407,134.429,173.340,447.411,150.496,160.453,160.361,255.279,342.276,360.309,344.331,352.297,360.315,360.361,378.263,281.266,263.438,113.312,207.322,271.325,260.429,250.263,236.386,97.417,102.457,47.288,115.325,134.377,357.481,342.306,281.288,289.355,363.343,363.426,89.325,278.343,100.346,81.365,5.441,65.352,44.450,105.466,92.276,352.303,355.322,357.300,286.349,363.337,371.340,360.291,278.312,360.294,360.273,363.285,426.282,410.279,397.276,386.273,378.315,371.319,373.325,378.331,386.349,328.500,244.328,368.331,368.279,300.319,289.282,294.337,218.374,228.328,268.423,21.407,50.392,81.340,397.294,89.300,44.306,0.401,171.453,186.309,165.429,139.297,197.306,265.478,200.441,202.411,210.368,207.337,202.312,194.263,173.478,239.447,134.257,292.312,228.500,157.294,184.331,268.420,152.306,252.496,289.309,157.285,242.435,392.435,413.500,242.463,365.481,123.346,465.254,294.334,242.475,163.380,163.361,165.346,373.478,278.306,494.374,463.404,442.343,163.325,163.312,160.463,128.328,144.346,139.368,136.386,139.398,144.493,113.395,160.328,318.306,278.282,315.407,421.377,444.306,481.460,381.315,152.282,205.343,481.496,286.297,376.300,381.306,389.309,400.319,413.331,360.340,360.346,355.368,342.447,292.279,184.291,147.303,147.325,357.450,336.269,147.331,428.263,194.300,234.294,442.380,386.349,284.358,410.398,278.371,302.420,307.300,463.315,244.398,400.371,423.398,360.472,313.426,360.484,326.389,326.297,215.300,276.315,278.288,263.306,128.343,118.374,115.401,118.420,126.435,155.500,200.420,184.395,189.365,189.337,186.315,181.300,176.500,200.315,281.282,223.282,278.269,286.282,281.309,289.263,289.263,292.300,160.288,165.282,171.407,147.417,142.;
